Title,Company,Location,Via,Description,Job Highlights,Related Links,Thumbnail,Extensions,Job ID
Systems Data Analyst,Western Michigan University,"  Kalamazoo, MI   ",via HERC Jobs,"Job Description: • Designs and analyzes data within the financial aid office, aiding in strategic budget and award projections, data review for audits, reconciliation and reports. • Assists in the development of new digital projects or maintaining current platforms that will improve service to students and employees... • Creates user friendly data dashboards for administration and the general public. • Analyzes and resolves reported software problems on vendor and in-house programs. Coordinates communication with staff, vendors, and government agencies. • Reviews regulations and webinars to assist with new plans, tests, and implementation of new software releases or Title IV implementations. • Provides technical support to the financial aid office and University service team in maintenance of all computers and peripherals. Provides training to staff to increase technical skills. Documents new and updates existing work procedures for office policies and procedures. • Assists marketing staff in creating and updating communications, flyers, forms, and website.  Short Job Description: • Bachelor's degree in related field from an accredited institution, or equivalent combination of education and experience. • Some relevant experience. • Ability to apply analytical and problem solving skills to a wide variety of situations and systems management. • Ability to use and understand computers and related technology efficiently. • Excellent written and oral communication skills. • Ability to work as of a team. • Customer service experience.  Job Ref: S550P  Job Reply URL: 1801","[{""title"": ""Qualifications"", ""items"": [""Bachelor's degree in related field from an accredited institution, or equivalent combination of education and experience"", ""Some relevant experience"", ""Ability to apply analytical and problem solving skills to a wide variety of situations and systems management"", ""Ability to use and understand computers and related technology efficiently"", ""Excellent written and oral communication skills"", ""Ability to work as of a team"", ""Customer service experience""]}, {""title"": ""Responsibilities"", ""items"": [""Designs and analyzes data within the financial aid office, aiding in strategic budget and award projections, data review for audits, reconciliation and reports"", ""Assists in the development of new digital projects or maintaining current platforms that will improve service to students and employees"", ""Creates user friendly data dashboards for administration and the general public"", ""Analyzes and resolves reported software problems on vendor and in-house programs"", ""Coordinates communication with staff, vendors, and government agencies"", ""Reviews regulations and webinars to assist with new plans, tests, and implementation of new software releases or Title IV implementations"", ""Provides technical support to the financial aid office and University service team in maintenance of all computers and peripherals"", ""Provides training to staff to increase technical skills"", ""Documents new and updates existing work procedures for office policies and procedures"", ""Assists marketing staff in creating and updating communications, flyers, forms, and website""]}]",[],https://encrypted-tbn0.gstatic.com/images?q=tbn:ANd9GcTyjH5GhWyr5dG66FRhnTZI57q01JfOh9U838mr&s=0,Full-time,eyJqb2JfdGl0bGUiOiJTeXN0ZW1zIERhdGEgQW5hbHlzdCIsImh0aWRvY2lkIjoiRHpSNVYtSEhkMU03ZTFyb0FBQUFBQT09IiwidXVsZSI6IncrQ0FJUUlDSWdTMkZzWVcxaGVtOXZMRTFwWTJocFoyRnVMRlZ1YVhSbFpDQlRkR0YwWlhNIiwiZ2wiOiJ1cyIsImhsIjoiZW4iLCJmYyI6IkVyWUNDdmNCUVU1MVYyaGphMHRpVFhwSlNIbHJha0ZYVmtGdUxYaHFZV2d6V2w5ck9XcDNWVXBXVnpKaVFrRndWWE16YkdKcWEwMTJUbEY0WW01NWNXdFlNMHBJVGtOek5tSnJXVk5qUW1Zek5reE5XV1JCT1Y4M1VrZEJjbTFUVkdaSk1VdElia2hhVjBKWFF6STRNMHBLVDFoNVgzbzJWekpqUzFkcGQxQlFSbU5yZUV4SkxYTjNZMTlvTFhORVpYUjBYMU0zTTJOdlQxWnNUbGd4V2pCeExVMDRORTV3UnpOMVVXOXFNVkJxZUZKSmNUaDVUM0p1YWpWeVQwVm5NSEZLVURNeWQxbE9ibEZCVmxaUWVHSkZTRUppUjJSRVRtMXJaMHhaT1RsVWIycHpNbTh4TjNscVpIcElUVlEyYkhvNWFqSnZjbWRvZDJGWFp4SVdOREpCWkZwMU5tUkpiMWRxZG5Jd1VHaHhiVkZUUVJvaVFWQllhRzAxWVhwNFUyMVFhRU5wVHpSVVpuVTJWWGh4UzJ0VlQwbFJYMjVEZHciLCJmY3YiOiIzIiwiZmNfaWQiOiJmY18xIiwiYXBwbHlfbGluayI6eyJ0aXRsZSI6Ii5uRmcyZWJ7Zm9udC13ZWlnaHQ6NTAwfS5CaTZEZGN7Zm9udC13ZWlnaHQ6NTAwfUFwcGx5IG9uIEhFUkMgSm9icyIsImxpbmsiOiJodHRwczovL21haW4uaGVyY2pvYnMub3JnL2pvYnMvMTk0MTcyNTEvc3lzdGVtcy1kYXRhLWFuYWx5c3Q/dXRtX2NhbXBhaWduPWdvb2dsZV9qb2JzX2FwcGx5XHUwMDI2dXRtX3NvdXJjZT1nb29nbGVfam9ic19hcHBseVx1MDAyNnV0bV9tZWRpdW09b3JnYW5pYyJ9fQ==
Data Analyst,Integrated Services of Kalamazoo,"  Kalamazoo, MI   ",via Indeed,"Do you have a passion for using data to improve the quality of care and health of individuals receiving behavioral health services? Would you like to be a valuable member of a diversity driven, mission-minded team that impacts our community? If so, we have an exciting opportunity for you to work as a Data Analyst!  What You Will Be Doing... Working full-time as a Data Analyst, you will be responsible implementing assigned project tasks and data reporting, including monitoring progress for system development, integration, and compliance. You will be responsible for the implementation and reporting of Certified Community Behavioral Health Clinic (CCBHC) related performance and population health management indicators. Your key role will include collecting, maintaining, interpreting and analyzing large datasets from internal and external sources to identify trends, patterns, and insights to support a wide variety of business needs. You will have the opportunity to collaborate closely with multiple departments and levels of management to present and review data and implement solutions for decision support and information reporting.  You will assist with database administration and other support systems to meet the goals and objectives of the Analytics department and overall organization. You will be expected to develop Power BI reports that compile data into simple and understandable format for management, facilitating informed decision-making across various analytics projects. Technical skills are required to identify key data elements within front-end applications and reconciling them with corresponding tables or columns in the back-end database to ensure data consistency and integrity for comprehensive analytics. Also, implementing and maintaining ETL processes to ensure data accuracy and availability.  What We Require Bachelor’s Degree in Information Technology, Computer Science, Statistics, Business, Human Services fields, or related areas with relevant data analytical experience or minimum three years equivalent work experience in data analytics will be considered. Proficiency with SQL and experience in querying and manipulating large datasets for analysis. Proficiency with Microsoft Suite including high proficiency with Power BI and Excel. Experience working within an Electronic Health Record (EHR) and knowledge of using an EHR to pull and analyze data is strongly preferred. Proficiency in manipulating data through ETL (Extract, Transform, Load) processes, ensuring the provision of clean and accurate data sets to various departments for informed decision-making strongly preferred.  Knowledge of information systems, including some familiarity with financial /business applications, clinical applications, and managed care applications are desired. Ability to work independently and manage multiple projects simultaneously. Ability to communicate effectively with non-technical staff, including requirements gathering, stakeholder engagement, and translating complex technical concepts in an understandable manner for diverse audiences across the organization is required for this position. Good communication and interpersonal skills with the ability to develop and maintain strong relationships, acting as an advocate to ensure that all data needs are continuously met and exceeded.  Who We Are Integrated Services of Kalamazoo (ISK) has been delivering quality services and programs to improve the lives of those we serve for over 30 years. ISK works with youth, families, and adults with mental illnesses, intellectual and developmental disabilities, and substance use disorders to help them succeed. We provide welcoming and diverse community partnerships which collaborate and share resources to support individuals and families to be successful and achieve their goals in a trauma-informed environment.  Why Work For ISK? Because we make a difference in the lives of the individuals we serve in the Kalamazoo community every day. You will have the opportunity to work with amazing co-workers in an environment that values diversity, inclusion, work/life balance and encourages ongoing education for professional development.  We also offer a competitive compensation and benefits package, with some of the best retirement plans in southwest Michigan including a 6.2% retirement match and pension plan! You will also enjoy 12 paid holidays, personal time, 23 days of PTO and the opportunity to earn additional PTO hours for participating in our wellness program! Kalamazoo is the home of the Kalamazoo Promise!  Come Join Us! Individuals of diverse racial, ethnic, and cultural backgrounds along with bilingual candidates are encouraged to apply. ISK is an equal opportunity employer that encourages diversity and inclusion among its workforce. ISK fomenta la diversidad y la inclusión.  We look forward to meeting you!  Physical Requirements/Working Conditions: Physical Efforts– Job demands include prolonged sitting and standing as appropriate. May occasionally require light lifting up to 25 pounds, stooping, kneeling, crouching, or bending as appropriate. Requires coordination of hands and/or eye/hand/foot.  Working Conditions– This position offers a telecommuting/remote work schedule as approved by the supervisor per organization policy. Office environment with noise from computers, copy machine, and telephones. Use of video display terminal (VDT) for periods in excess of 30 minutes at a time. Possible eyestrain from extended periods of viewing VDT. May be exposed to bloodborne pathogens, infectious diseases, and parasites. Travel throughout the Kalamazoo area is required.  Location: Integrated Services of Kalamazoo · 717 IT  Schedule: Full Time, Day Shift","[{""title"": ""Qualifications"", ""items"": [""Bachelor\u2019s Degree in Information Technology, Computer Science, Statistics, Business, Human Services fields, or related areas with relevant data analytical experience or minimum three years equivalent work experience in data analytics will be considered"", ""Proficiency with SQL and experience in querying and manipulating large datasets for analysis"", ""Proficiency with Microsoft Suite including high proficiency with Power BI and Excel"", ""Ability to work independently and manage multiple projects simultaneously"", ""Ability to communicate effectively with non-technical staff, including requirements gathering, stakeholder engagement, and translating complex technical concepts in an understandable manner for diverse audiences across the organization is required for this position"", ""Good communication and interpersonal skills with the ability to develop and maintain strong relationships, acting as an advocate to ensure that all data needs are continuously met and exceeded"", ""Requires coordination of hands and/or eye/hand/foot"", ""Working Conditions\u2013 This position offers a telecommuting/remote work schedule as approved by the supervisor per organization policy""]}, {""title"": ""Responsibilities"", ""items"": [""Working full-time as a Data Analyst, you will be responsible implementing assigned project tasks and data reporting, including monitoring progress for system development, integration, and compliance"", ""You will be responsible for the implementation and reporting of Certified Community Behavioral Health Clinic (CCBHC) related performance and population health management indicators"", ""Your key role will include collecting, maintaining, interpreting and analyzing large datasets from internal and external sources to identify trends, patterns, and insights to support a wide variety of business needs"", ""You will have the opportunity to collaborate closely with multiple departments and levels of management to present and review data and implement solutions for decision support and information reporting"", ""You will assist with database administration and other support systems to meet the goals and objectives of the Analytics department and overall organization"", ""You will be expected to develop Power BI reports that compile data into simple and understandable format for management, facilitating informed decision-making across various analytics projects"", ""Technical skills are required to identify key data elements within front-end applications and reconciling them with corresponding tables or columns in the back-end database to ensure data consistency and integrity for comprehensive analytics"", ""Also, implementing and maintaining ETL processes to ensure data accuracy and availability""]}, {""title"": ""Benefits"", ""items"": [""You will have the opportunity to work with amazing co-workers in an environment that values diversity, inclusion, work/life balance and encourages ongoing education for professional development"", ""We also offer a competitive compensation and benefits package, with some of the best retirement plans in southwest Michigan including a 6.2% retirement match and pension plan!"", ""You will also enjoy 12 paid holidays, personal time, 23 days of PTO and the opportunity to earn additional PTO hours for participating in our wellness program!""]}]",[],,"3 days ago, Full-time, Health insurance, Paid time off",eyJqb2JfdGl0bGUiOiJEYXRhIEFuYWx5c3QiLCJodGlkb2NpZCI6ImxzRlQ1aEo3Y003RDJxMGRBQUFBQUE9PSIsInV1bGUiOiJ3K0NBSVFJQ0lnUzJGc1lXMWhlbTl2TEUxcFkyaHBaMkZ1TEZWdWFYUmxaQ0JUZEdGMFpYTSIsImdsIjoidXMiLCJobCI6ImVuIiwiZmMiOiJFcUVDQ3VJQlFVNTFWMmhqYXpWWVpWWkdPV2w0UjE5S09HbzJjMlZaTmpCb1NXY3lURmxZTW05VVdHOWxVMTlvUkVGcFRsRnBSR0p3YXkxWFdqbDNRMkZHZUd4clozZE5OazFGVDJ4RVYydFRSMjkxZDNJd05FVTFRVlpPVjNKUmIyczVZWGhMV2pCak5sWjFTa1Y1VW14TllVbHRNek4yU0VwS01sSkVWVUk1Wm1walFXNWFNRmd4T0dsbU0wNDFRMDA0UTBKM1lUTmtVVzlSZVZsVmJYVnhNM1UwUm5Wd1pHOVBORFpwU0U1Uk5FcEVXbnBmT0VGcU4yeEdjSGx5UWxWcVFVVnlZalF4Uld4T1JYRkJNR2hvWDIxUWVURndMVEZIT1c5ek5rOUtXR2QyTWxka2R4SVdOREpCWkZwMU5tUkpiMWRxZG5Jd1VHaHhiVkZUUVJvaVFWQllhRzAxWWpaRlYzUXRNRXgzWDBNelpuZDViVEJFUkZwVlNEQXhSblZSUVEiLCJmY3YiOiIzIiwiZmNfaWQiOiJmY18zIiwiYXBwbHlfbGluayI6eyJ0aXRsZSI6IkFwcGx5IG9uIEluZGVlZCIsImxpbmsiOiJodHRwczovL3d3dy5pbmRlZWQuY29tL3ZpZXdqb2I/ams9YzE3MWJiYWVkNjhjMjRkY1x1MDAyNnV0bV9jYW1wYWlnbj1nb29nbGVfam9ic19hcHBseVx1MDAyNnV0bV9zb3VyY2U9Z29vZ2xlX2pvYnNfYXBwbHlcdTAwMjZ1dG1fbWVkaXVtPW9yZ2FuaWMifX0=
Risk data analyst,VirtualVocations,"  Kalamazoo, MI   ",via Talent.com,Last updated : 2024-04-14,"[{""items"": [""Last updated : 2024-04-14""]}]",[],https://encrypted-tbn0.gstatic.com/images?q=tbn:ANd9GcRCvoVLMY1k8zSY2JFyGQytlkXW5jO9960mxp8rJnc&s,"2 days ago, Full-time, No degree mentioned",eyJqb2JfdGl0bGUiOiJSaXNrIGRhdGEgYW5hbHlzdCIsImh0aWRvY2lkIjoib3NBQ0FaMDVhS005NDJkcEFBQUFBQT09IiwidXVsZSI6IncrQ0FJUUlDSWdTMkZzWVcxaGVtOXZMRTFwWTJocFoyRnVMRlZ1YVhSbFpDQlRkR0YwWlhNIiwiZ2wiOiJ1cyIsImhsIjoiZW4iLCJmYyI6IkVvc0NDc3dCUVU1MVYyaGphek4yWjBWdlMyMXJhV1E1YkVaVVZtWmxUM2hRYzBkWVYxOWpNamR4Vm1VeE1HOHhSR1ppVFhGMllXaERZVnBFUlhCcWEyOVlYM0p5VW5CV1NsVlBaMmh6WW0xbllYaDNNMWd4T0U5RWEycEdNSGszU0ZWMFVUUndjbFZTY1Y5MlNFb3RSWFIxYkZKcVdsRTVVbmRhWlRBd1YxVmplRzVRZFROeFZFeDVUbTVQY25SVWRXNDVOR0pvVkdWT1NYWkpSMDVwVWpVd1NuUlRTREZ1YWsxcmJVeHdSR2RYZGxGWGRYUTNhRTAzTkU5dWRIY3dlRTg1VFZadk4yUmpjMEp3TURseFUzcFlFaFkwTWtGa1duVTJaRWx2VjJwMmNqQlFhSEZ0VVZOQkdpSkJVRmhvYlRWWldtVXlSa0YzWnpjd1ZWTndiWFpMTVhCbFFraFBTazFHZFZGMyIsImZjdiI6IjMiLCJmY19pZCI6ImZjXzQiLCJhcHBseV9saW5rIjp7InRpdGxlIjoiQXBwbHkgb24gVGFsZW50LmNvbSIsImxpbmsiOiJodHRwczovL3d3dy50YWxlbnQuY29tL3ZpZXc/aWQ9MjY1YmM4YzI0NWQ5XHUwMDI2dXRtX2NhbXBhaWduPWdvb2dsZV9qb2JzX2FwcGx5XHUwMDI2dXRtX3NvdXJjZT1nb29nbGVfam9ic19hcHBseVx1MDAyNnV0bV9tZWRpdW09b3JnYW5pYyJ9fQ==
Research data analyst,VirtualVocations,"  Kalamazoo, MI   ",via Talent.com,Last updated : 2024-04-10,"[{""items"": [""Last updated : 2024-04-10""]}]",[],https://encrypted-tbn0.gstatic.com/images?q=tbn:ANd9GcRCvoVLMY1k8zSY2JFyGQytlkXW5jO9960mxp8rJnc&s,"6 days ago, Full-time, No degree mentioned",eyJqb2JfdGl0bGUiOiJSZXNlYXJjaCBkYXRhIGFuYWx5c3QiLCJodGlkb2NpZCI6IjVIaVRfUGZEUF9vZnZlZXZBQUFBQUE9PSIsInV1bGUiOiJ3K0NBSVFJQ0lnUzJGc1lXMWhlbTl2TEUxcFkyaHBaMkZ1TEZWdWFYUmxaQ0JUZEdGMFpYTSIsImdsIjoidXMiLCJobCI6ImVuIiwiZmMiOiJFcUVDQ3VJQlFVNTFWMmhqYlZRd1V6TlJabVJGU1hkcFZuTmhlV3BWZFdWa1psWkdaa1ZLU1U5c01uZDJiMlZoTjBsTVVUSldOR1ZaUjFFeVFURnhhVkpQYVc5V1dFaGtORFUxTm04elJpMVpRbU5NZG1sMVVVYzJTMDlZTjNRMWEzbE9ObGhGUlVOalRGcEZVbVJGUzNCRlExbHRWWE51UjBReFZucFdlRWRoVm5kdVJEWlVWRTl0ZUZkRVFsVlFRamRNVlc5MldsVlZNSGRDU0hKdlQyUnNiSEJZTkRWRWMzTlBPRzFMUWxkVlp6ZFFORXAwTjNGWFZFTnNXRlJIU1U5bU4yWjRZa2R5YVVSc1pUWjNWMUZTYldFMFNXaEZObDlPTUdFeGNEZFdVVjkzYTBRdFVSSVdOREpCWkZwMU5tUkpiMWRxZG5Jd1VHaHhiVkZUUVJvaVFWQllhRzAxWW5OTU1UUkxiMkp5VjA5TVIxcDJWMXBsT1MxZmRVbHRVVnBwWnciLCJmY3YiOiIzIiwiZmNfaWQiOiJmY181IiwiYXBwbHlfbGluayI6eyJ0aXRsZSI6IkFwcGx5IG9uIFRhbGVudC5jb20iLCJsaW5rIjoiaHR0cHM6Ly93d3cudGFsZW50LmNvbS92aWV3P2lkPTBlOGNhNjAxNjVmN1x1MDAyNnV0bV9jYW1wYWlnbj1nb29nbGVfam9ic19hcHBseVx1MDAyNnV0bV9zb3VyY2U9Z29vZ2xlX2pvYnNfYXBwbHlcdTAwMjZ1dG1fbWVkaXVtPW9yZ2FuaWMifX0=
LIMS Data Technical Analyst,Integrated Resources INC,"  Kalamazoo, MI   ",via ZipRecruiter,"Company Description  A Few Words About Us... Integrated Resources, Inc is a premier staffing firm recognized as one of the tri-states most well-respected professional specialty firms. IRI has built its reputation on excellent service and integrity since its inception in 1996. Our mission centers on delivering only the best quality talent, the first time and every time. We provide quality resources in four specialty areas: Information Technology (IT), Clinical Research, Rehabilitation Therapy and Nursing.  Job Description  Duration: 9-12 Months  Job Description:  Complete instrument template spreadsheets from information from site source documents to allow the building of instrument master data into a site LabWare LIMS system (gLIMS).  The information to be populated will include the type of instrument and all of its components, all calibration and preventative maintenance intervals, and any analyses needed to perform these calibrations and preventative maintenance events.  Qualifications  CRITICAL SKILLS:  Microsoft Excel skills  Chemical laboratory  Skills/knowledge:  Attention to detail  Ability to focus while reading and interpreting technical documents  Ability to complete tasks to meet project deadlines  Additional Information  Regards,  Sukhpreet Basra  Clinical Recruiter  Integrated Resources, Inc.  IT Life Sciences Allied Healthcare CRO  Certified MBE |GSA - Schedule 66 I GSA - Schedule 621I  Direct:732-429-1921 (Tel) 732-549-2030*241 | (F) 732-549-5549  www.linkedin.com/in/sukhpreetbasra  Gold Seal JCAHO Certified for Health Care Staffing  ""INC 5000's FASTEST GROWING, PRIVATELY HELD COMPANIES"" (8th Year in a Row","[{""title"": ""Qualifications"", ""items"": [""Microsoft Excel skills"", ""Ability to focus while reading and interpreting technical documents""]}, {""title"": ""Responsibilities"", ""items"": [""Complete instrument template spreadsheets from information from site source documents to allow the building of instrument master data into a site LabWare LIMS system (gLIMS)"", ""The information to be populated will include the type of instrument and all of its components, all calibration and preventative maintenance intervals, and any analyses needed to perform these calibrations and preventative maintenance events""]}]",[],https://encrypted-tbn0.gstatic.com/images?q=tbn:ANd9GcScGuLezZt5_rq5szo6zMZQfr74C4YLDriodBtXS6Y&s,"2 days ago, Contractor and Temp work, No degree mentioned",eyJqb2JfdGl0bGUiOiJMSU1TIERhdGEgVGVjaG5pY2FsIEFuYWx5c3QiLCJodGlkb2NpZCI6ImJTMGJncU9hUUNlaU9VX0pBQUFBQUE9PSIsInV1bGUiOiJ3K0NBSVFJQ0lnUzJGc1lXMWhlbTl2TEUxcFkyaHBaMkZ1TEZWdWFYUmxaQ0JUZEdGMFpYTSIsImdsIjoidXMiLCJobCI6ImVuIiwiZmMiOiJFcUVDQ3VJQlFVNTFWMmhqYld4VmVHcHBNbVJMUkZWbWNsaG1UM1pZVlU5dlUzWXdablZYZGpsamRqRTVlVUZQYTFKQmExRmliREpRUlhsWlZ6ZDJlbTVTVjJ3d2R6bFVXVWd0Y25GTk1rbHRZM1JOV2s1dk1EZG5TMmxTVEcxM1RqSnJaV2xuVlRaS1J6bHpTRTFtZW1VNFFuSmpNMWxUYTAxTFNUWkhYMDE1YUhkTmMza3lhR0Z3YWxSUVNHVjNlRFpEWVY5c1NWbGZiell6Y0ZGUWJ6ZFFZek01U25wUU1XMXVOWGhoWDBsbVYxZGFWVEpyUjBKNWFHSlViRjh6Wkc1c1VrRmxWMDh6ZFc1bGNtMXJUamh3YldWelgxUlZXWGhLWjFwaExWWlVNWGhmYUdNMlVSSVdOREpCWkZwMU5tUkpiMWRxZG5Jd1VHaHhiVkZUUVJvaVFWQllhRzAxWW1wNFpIcDNZa2wwTUUxSGIwaDRTa2RXVmw5T09FTlRaR3N6UVEiLCJmY3YiOiIzIiwiZmNfaWQiOiJmY182IiwiYXBwbHlfbGluayI6eyJ0aXRsZSI6IkFwcGx5IG9uIFppcFJlY3J1aXRlciIsImxpbmsiOiJodHRwczovL3d3dy56aXByZWNydWl0ZXIuY29tL2MvSW50ZWdyYXRlZC1SZXNvdXJjZXMtSU5DL0pvYi9MSU1TLURhdGEtVGVjaG5pY2FsLUFuYWx5c3QvLWluLUthbGFtYXpvbyxNST9qaWQ9NTY5MTFkYjU1OTFkNDJmZlx1MDAyNnV0bV9jYW1wYWlnbj1nb29nbGVfam9ic19hcHBseVx1MDAyNnV0bV9zb3VyY2U9Z29vZ2xlX2pvYnNfYXBwbHlcdTAwMjZ1dG1fbWVkaXVtPW9yZ2FuaWMifX0=
Data analyst,VirtualVocations,"  Kalamazoo, MI   ",via Talent.com,Last updated : 2024-04-10,"[{""items"": [""Last updated : 2024-04-10""]}]",[],https://encrypted-tbn0.gstatic.com/images?q=tbn:ANd9GcRCvoVLMY1k8zSY2JFyGQytlkXW5jO9960mxp8rJnc&s,"6 days ago, Full-time, No degree mentioned",eyJqb2JfdGl0bGUiOiJEYXRhIGFuYWx5c3QiLCJodGlkb2NpZCI6ImpqYXRPZU5YMS10VWZKRGhBQUFBQUE9PSIsInV1bGUiOiJ3K0NBSVFJQ0lnUzJGc1lXMWhlbTl2TEUxcFkyaHBaMkZ1TEZWdWFYUmxaQ0JUZEdGMFpYTSIsImdsIjoidXMiLCJobCI6ImVuIiwiZmMiOiJFb3NDQ3N3QlFVNTFWMmhqYkZnelNtVXlaRVJuWkRGSU1uTm1XakJ6VWtkSllWQkNiamhZYUY5SlRVTkxWMlJtVm1kTFZGOTRibTFaYlMxU1UxbDJlVlIxVDBnMlprdFlUVkJJYW1SbWMzaGlhbmxEY3kxWlowdFpWblJ1TXpkNVJHRllNVGt6Um5CUGNIZHpjRFpxZVcxeVV6VndORTl1TW14NVJuUjRNRmh3V2toSVZsZG9WVGRJTTBZNFRWTkpZVU5MTnpGTFdIbENkRzlKYjFSd1ZtOTNZMnRsVTFkTU5uZHVibE5hUW1aQlQwSlVWVk00WkRKTE1uRktkVU5IUzJ0WFIweGtkRWxyV0VkWlJYQnRaMjU1RWhZME1rRmtXblUyWkVsdlYycDJjakJRYUhGdFVWTkJHaUpCVUZob2JUVlpiazlvYldSRlVXeGhNSGxrUTBKdlJFVmFOelpyUzNBek5HNUIiLCJmY3YiOiIzIiwiZmNfaWQiOiJmY183IiwiYXBwbHlfbGluayI6eyJ0aXRsZSI6IkFwcGx5IG9uIFRhbGVudC5jb20iLCJsaW5rIjoiaHR0cHM6Ly93d3cudGFsZW50LmNvbS92aWV3P2lkPTc2ZDlmYjY2ZmNkNVx1MDAyNnV0bV9jYW1wYWlnbj1nb29nbGVfam9ic19hcHBseVx1MDAyNnV0bV9zb3VyY2U9Z29vZ2xlX2pvYnNfYXBwbHlcdTAwMjZ1dG1fbWVkaXVtPW9yZ2FuaWMifX0=
Lead Data Analyst,Humana Inc.,"  Kalamazoo, MI   ",via Employment Crossing,"DescriptionThe Lead Data Analyst will provide team leadership and development for the HP/HSP Growth Analytics team as well as consultation on analytics and strategy for HP/HSP Growth business partners.ResponsibilitiesLead and develop a team of analysts dedicated to HP/HSP Growth (study design, tracking, and evaluation)Applies disciplined analytics to predict behavior and optimize programs and products to maximize revenue growthUtilizes advanced or predictive modeling to develop, test and validate cases that improve the outcomes and quality of the programs we offerContributes to more innovative approaches to models through deep business and analytics acumenUnderstands and analyzes complex data, articulates to various units within the company at the appropriate level, impacts the business from mathematical concepts which have a potentially sizeable dollar impact on the businessAdvises executives to develop functional strategies on various growth and outreach programsExercises... independent judgment and decision making on complex issues regarding job duties and related tasks, and works under minimal supervision, uses independent judgment requiring analysis of variable factors and determining the best course of actionSupport the development, implementation, and management of numerous visualization tools focused on pharmacy performance and growth trendsRequired QualificationsBachelor's degree and 8 or more years of technical experience in data analysis OR Master's degree and 4 years of experience2 or more years of project leadership experienceAdvanced experience working with big and complex data sets within large organizationsExperience analyzing data to solve a wide variety of business problems and create data visualizations that drive strategic directionProven ability to work with cross-functional teams and translate requirements between business, project management and technical projects or programsProficiency in understanding Healthcare related dataProficiency in verbal/written communication to senior and executive leadershipMust be passionate about contributing to an organization focused on continuously improving consumer experiencesPreferred QualificationsAdvanced Degree in a quantitative discipline, such as Mathematics, Economics, Finance, Statistics, Computer Science, Engineering or related fieldAdvanced in SQL, SAS and other data systemsExperience with tools such as Tableau and Qlik for creating data visualizationsExpertise in data mining, forecasting, simulation, and/or predictive modelingExperience creating analytics solutions for various healthcare sectors#LI-ER1Scheduled Weekly Hours40","[{""items"": [""DescriptionThe Lead Data Analyst will provide team leadership and development for the HP/HSP Growth Analytics team as well as consultation on analytics and strategy for HP/HSP Growth business partners.ResponsibilitiesLead and develop a team of analysts dedicated to HP/HSP Growth (study design, tracking, and evaluation)Applies disciplined analytics to predict behavior and optimize programs and products to maximize revenue growthUtilizes advanced or predictive modeling to develop, test and validate cases that improve the outcomes and quality of the programs we offerContributes to more innovative approaches to models through deep business and analytics acumenUnderstands and analyzes complex data, articulates to various units within the company at the appropriate level, impacts the business from mathematical concepts which have a potentially sizeable dollar impact on the businessAdvises executives to develop functional strategies on various growth and outreach programsExercises... independent judgment and decision making on complex issues regarding job duties and related tasks, and works under minimal supervision, uses independent judgment requiring analysis of variable factors and determining the best course of actionSupport the development, implementation, and management of numerous visualization tools focused on pharmacy performance and growth trendsRequired QualificationsBachelor's degree and 8 or more years of technical experience in data analysis OR Master's degree and 4 years of experience2 or more years of project leadership experienceAdvanced experience working with big and complex data sets within large organizationsExperience analyzing data to solve a wide variety of business problems and create data visualizations that drive strategic directionProven ability to work with cross-functional teams and translate requirements between business, project management and technical projects or programsProficiency in understanding Healthcare related dataProficiency in verbal/written communication to senior and executive leadershipMust be passionate about contributing to an organization focused on continuously improving consumer experiencesPreferred QualificationsAdvanced Degree in a quantitative discipline, such as Mathematics, Economics, Finance, Statistics, Computer Science, Engineering or related fieldAdvanced in SQL, SAS and other data systemsExperience with tools such as Tableau and Qlik for creating data visualizationsExpertise in data mining, forecasting, simulation, and/or predictive modelingExperience creating analytics solutions for various healthcare sectors#LI-ER1Scheduled Weekly Hours40""]}]",[],,Full-time,eyJqb2JfdGl0bGUiOiJMZWFkIERhdGEgQW5hbHlzdCIsImh0aWRvY2lkIjoicTNNNEJCRlBtRzZ3RmpEbkFBQUFBQT09IiwidXVsZSI6IncrQ0FJUUlDSWdTMkZzWVcxaGVtOXZMRTFwWTJocFoyRnVMRlZ1YVhSbFpDQlRkR0YwWlhNIiwiZ2wiOiJ1cyIsImhsIjoiZW4iLCJmYyI6IkVxRUNDdUlCUVU1MVYyaGpiRVp3YkZsNVVUWkdhQzFSUzJkZk1WaFpUbkpRZFhoeU1VUXROVzlJZWtaRU5VaHhVa3RvU1VoZlF6a3RNbXBCYTIweGIwZGZWSGQwU1V0VGRHdEdTR0kzVm5KNE5qUkVXRzVTUjE5aFRWbGxTbTUwZGtWYVZrUTNSa040ZEVzeFJsOXNXa2hTYzFGa2VYVlJYM00zTjNWd2NUVTFZazgwVWpaUlJWbHFaSE51TjJwMmVFVldUbkF5VGxnelIxaEtjRnAwWVhjeGRFUkhaMjFZV1RBNWMwdE1aREJDTFZwWlJHUXpWMGxNT1hsbWNIWjNTaTE2TTNCSmVGY3lUMDVrZFhwSVNYTkllWGcwYTJNeU9FbDJZbVpwYkRWelFtZGFRWFpaVVJJV05ESkJaRnAxTm1SSmIxZHFkbkl3VUdoeGJWRlRRUm9pUVZCWWFHMDFXblY0VVZwVWFXVTVSa3BLWDIxVFkyNUlRVmRTYUZwTGFXVlhkdyIsImZjdiI6IjMiLCJmY19pZCI6ImZjXzgiLCJhcHBseV9saW5rIjp7InRpdGxlIjoiQXBwbHkgb24gRW1wbG95bWVudCBDcm9zc2luZyIsImxpbmsiOiJodHRwczovL3d3dy5lbXBsb3ltZW50Y3Jvc3NpbmcuY29tL2pvYi9pZC1jYmNkNzMwNjgxNDRiMjEyYTk1NGIyNWU0MmNlMTM0Zj91dG1fY2FtcGFpZ249Z29vZ2xlX2pvYnNfYXBwbHlcdTAwMjZ1dG1fc291cmNlPWdvb2dsZV9qb2JzX2FwcGx5XHUwMDI2dXRtX21lZGl1bT1vcmdhbmljIn19
Data analyst ii,VirtualVocations,"  Kalamazoo, MI   ",via Talent.com,Last updated : 2024-04-13,"[{""items"": [""Last updated : 2024-04-13""]}]",[],https://encrypted-tbn0.gstatic.com/images?q=tbn:ANd9GcRCvoVLMY1k8zSY2JFyGQytlkXW5jO9960mxp8rJnc&s,"3 days ago, Full-time, No degree mentioned",eyJqb2JfdGl0bGUiOiJEYXRhIGFuYWx5c3QgaWkiLCJodGlkb2NpZCI6ImZrbDVJYlloZ1ZORlpLUlBBQUFBQUE9PSIsInV1bGUiOiJ3K0NBSVFJQ0lnUzJGc1lXMWhlbTl2TEUxcFkyaHBaMkZ1TEZWdWFYUmxaQ0JUZEdGMFpYTSIsImdsIjoidXMiLCJobCI6ImVuIiwiZmMiOiJFb3NDQ3N3QlFVNTFWMmhqYkVac0xVbHZiMFkzWW5SWVVISlVWRlJYTlZCYVRGbHZTMDR4YW00MWRsVnJXa0l0T0VWdlpVUjJRME54UzJweVdHSlVhbVYwV0V4WmFIcHpkVGMyYlc0d1RYQXpjbDlwU1hGVFlXNUlWVWt6ZFU1blYycHNUMEZaTFRWNGRHbFphMkpDZUVkUFR5MVRVelZGUTI5R2FVVlFXWHBWZGprMlpFOVBhRXBsTjJObFRrbGpabkpWVjNWVFpTMHlUVVIzT1hKUFdWWnBjVkpyVFZOTVRrbzFiR0oxZVhBdGRIUldWMmxKY2psQ1VFbzBTRXQ0Y0hNM2FHbDNXREJ3VWpaV056aDJTbUZzRWhZME1rRmtXblUyWkVsdlYycDJjakJRYUhGdFVWTkJHaUpCVUZob2JUVmlVRU40VmtKMFRVTTNWamhTVURaWVVYUnpkMFJ0WTNoamFXbEIiLCJmY3YiOiIzIiwiZmNfaWQiOiJmY18xMCIsImFwcGx5X2xpbmsiOnsidGl0bGUiOiJBcHBseSBvbiBUYWxlbnQuY29tIiwibGluayI6Imh0dHBzOi8vd3d3LnRhbGVudC5jb20vdmlldz9pZD05OWJjOWEwNmUxMDJcdTAwMjZ1dG1fY2FtcGFpZ249Z29vZ2xlX2pvYnNfYXBwbHlcdTAwMjZ1dG1fc291cmNlPWdvb2dsZV9qb2JzX2FwcGx5XHUwMDI2dXRtX21lZGl1bT1vcmdhbmljIn19
Senior data analyst,VirtualVocations,"  Kalamazoo, MI   ",via Talent.com,Last updated : 2024-04-13,"[{""items"": [""Last updated : 2024-04-13""]}]",[],https://encrypted-tbn0.gstatic.com/images?q=tbn:ANd9GcRCvoVLMY1k8zSY2JFyGQytlkXW5jO9960mxp8rJnc&s,"3 days ago, Full-time, No degree mentioned",eyJqb2JfdGl0bGUiOiJTZW5pb3IgZGF0YSBhbmFseXN0IiwiaHRpZG9jaWQiOiJZZ0xfWjZ5Z0xFYUhCVEJHQUFBQUFBPT0iLCJ1dWxlIjoidytDQUlRSUNJZ1MyRnNZVzFoZW05dkxFMXBZMmhwWjJGdUxGVnVhWFJsWkNCVGRHRjBaWE0iLCJnbCI6InVzIiwiaGwiOiJlbiIsImZjIjoiRW9zQ0Nzd0JRVTUxVjJoamJEZHFjMWd3YVdWTE9FdHFPSEZTTUd0elYyOW9OMWhVY21scVVEUklaRUZ6Ukc5UWEyaDRiVmRCUW5sSGNFY3RObFZqZUc5WVlXbzRMVVEwU0dnemQwTm1hVFZUVUZWblVHbFVkbVphWldaeFoybG9ZekZIWW5aTExXVTJSMFJ2VWxScWNsOTJNMms1YWtzNFRrNDVPRGt6U25BeVRqRm1ORFI2TUV0NWF6aFFPRWQ0Y0hOcUxYQlVla2MyU3pCUk9URkJRVmQyV1VFeGEzbE9NVU4yTFZob1lrTnpTMEZWVGxwMFpFUkZkVlpVWTE5eFowOU5hRkZhWHpsSFFuQjNTM0ZHVW0xQ0VoWTBNa0ZrV25VMlpFbHZWMnAyY2pCUWFIRnRVVk5CR2lKQlVGaG9iVFZhV2tsT2JFeFdjelZ1WWtWQmQzQjJjRXhXYTFsNWFUSXRMVkpCIiwiZmN2IjoiMyIsImZjX2lkIjoiZmNfMTEiLCJhcHBseV9saW5rIjp7InRpdGxlIjoiQXBwbHkgb24gVGFsZW50LmNvbSIsImxpbmsiOiJodHRwczovL3d3dy50YWxlbnQuY29tL3ZpZXc/aWQ9Nzg3NjI2NzNhNjIwXHUwMDI2dXRtX2NhbXBhaWduPWdvb2dsZV9qb2JzX2FwcGx5XHUwMDI2dXRtX3NvdXJjZT1nb29nbGVfam9ic19hcHBseVx1MDAyNnV0bV9tZWRpdW09b3JnYW5pYyJ9fQ==
Principal data analyst,VirtualVocations,"  Kalamazoo, MI   ",via Talent.com,Last updated : 2024-04-12,"[{""items"": [""Last updated : 2024-04-12""]}]",[],https://encrypted-tbn0.gstatic.com/images?q=tbn:ANd9GcRCvoVLMY1k8zSY2JFyGQytlkXW5jO9960mxp8rJnc&s,"4 days ago, Full-time, No degree mentioned",eyJqb2JfdGl0bGUiOiJQcmluY2lwYWwgZGF0YSBhbmFseXN0IiwiaHRpZG9jaWQiOiJmVGdja1Y2RFo1ZXB5aHhJQUFBQUFBPT0iLCJ1dWxlIjoidytDQUlRSUNJZ1MyRnNZVzFoZW05dkxFMXBZMmhwWjJGdUxGVnVhWFJsWkNCVGRHRjBaWE0iLCJnbCI6InVzIiwiaGwiOiJlbiIsImZjIjoiRXFFQ0N1SUJRVTUxVjJoamEyeGlaMUp4YzBaS2EwcDVRV2Q0TmpKdGJqTjZiMFJMYzE4NGNXVnlMVkpKWm5velUxUm1lSE5WZW01cmExaE5MWEprTm1jM1gxZEpkRGh1YUhGT1lsODJRMjEwYVc5M1dtbGpSVFJPYldoeVgyZDFValk0T0hKMVVFcGFiVWx0UkRVd1lVRnJlRGQ2UWpCVVdIbzVWVFZtWXkweFUyUkhXR3REVDNwYU9GaHZMWFJNTFRobU56QTBTelpXTTFoMlFrb3pXVzlpWDJad2FURjBYelpqYWxOME1IRnlOM0Z1VFZGQ1JUTjNiMTlYVVMxd1RqZHJja1pzYVZSb2MwWmFSVkkxVlZoM2VIWnBSVWxwVFhaeU9FNU1lRGRwZEV0YU1IZDVRUklXTkRKQlpGcDFObVJKYjFkcWRuSXdVR2h4YlZGVFFSb2lRVkJZYUcwMVltTTBPSGxKUW1KalRteG9NMU40Y0dKMlQweEVUbFU1ZGpWSVVRIiwiZmN2IjoiMyIsImZjX2lkIjoiZmNfMTIiLCJhcHBseV9saW5rIjp7InRpdGxlIjoiQXBwbHkgb24gVGFsZW50LmNvbSIsImxpbmsiOiJodHRwczovL3d3dy50YWxlbnQuY29tL3ZpZXc/aWQ9YTc3MzgyNjA0OTAwXHUwMDI2dXRtX2NhbXBhaWduPWdvb2dsZV9qb2JzX2FwcGx5XHUwMDI2dXRtX3NvdXJjZT1nb29nbGVfam9ic19hcHBseVx1MDAyNnV0bV9tZWRpdW09b3JnYW5pYyJ9fQ==
Pilot,United States Air Force,"  Kalamazoo, MI   ",via Salary.com,"COMMANDING THE SKIES  We employ some of the most advanced aircraft in the world to complete our missions and defend our country. Utilizing extraordinary skill and precision, Air Force Pilots push each aircraft’s limits with complete control. While successfully completing their missions is paramount, their role as leaders and character models, training and commanding crews, is just as important... These skilled professionals deploy around the world to wherever there’s a need as fighters, trainers, bombers, advisers and more.  QUALIFICATIONS SUMMARY MINIMUM EDUCATION  Bachelor’s degree  QUALIFICATIONS • Knowledge of theory of flight, air navigation, meteorology, flying directives, aircraft operating procedures and mission tactics • Completion of Air Force Specialized Undergraduate Pilot Training • Completion of a Single Scope Background Investigation (SSBI) • Additional requirements specific to specialty • Completion of Officer Training School (OTS), Air Force Academy (AFA) or Air Force Reserve Officer Training Corps (AFROTC) • Must have begun pilot training between the ages of 18 and 33 • For pilot and aircrew positions, height specifications vary by aircraft and most applicants can successfully pursue a career in aviation with the U.S. Air Force. Applicants who are significantly taller or shorter than average may require special screening to ensure they can safely perform operational duties. Applicants of all heights are encouraged to apply.  About the Company: United States Air Force","[{""title"": ""Qualifications"", ""items"": [""Bachelor\u2019s degree"", ""Knowledge of theory of flight, air navigation, meteorology, flying directives, aircraft operating procedures and mission tactics"", ""Completion of Air Force Specialized Undergraduate Pilot Training"", ""Completion of a Single Scope Background Investigation (SSBI)"", ""Additional requirements specific to specialty"", ""Completion of Officer Training School (OTS), Air Force Academy (AFA) or Air Force Reserve Officer Training Corps (AFROTC)"", ""Must have begun pilot training between the ages of 18 and 33"", ""For pilot and aircrew positions, height specifications vary by aircraft and most applicants can successfully pursue a career in aviation with the U.S. Air Force""]}]",[],https://encrypted-tbn0.gstatic.com/images?q=tbn:ANd9GcSxdKFRfCmS6VXv8_-61clD4NxokUjcUxdMd63c&s=0,"5 days ago, Full-time",eyJqb2JfdGl0bGUiOiJQaWxvdCIsImh0aWRvY2lkIjoidGRrTEJIczVoRnoxUlJRV0FBQUFBQT09IiwidXVsZSI6IncrQ0FJUUlDSWdTMkZzWVcxaGVtOXZMRTFwWTJocFoyRnVMRlZ1YVhSbFpDQlRkR0YwWlhNIiwiZ2wiOiJ1cyIsImhsIjoiZW4iLCJmYyI6IkVxSUNDdUlCUVU1MVYyaGpiVlpLTm1jMGFUVmhWamhGT1dwNlpFRktabUZETlMxd1FVSk5ia0Y2YTB0bGEzaFlRM0F3ZERsQ1NtbEdiSE0wVWpKZlVsSTRObEpJTkRJeE1ISmlOamt5WjJwM2JVRTVSa1p0VmpFMGVtbGlTVGN3TkhoRU56RkdiRmt4UzBSMVUwaHZRM1YwZGtWTk4yMTVaRVExU0VWR01sWlRTRVZpTVc4MFdYcGpVR2MyVFVjMk4xZ3llbWxJYmpkT1FsSnZVamx5Y0ZOVGNrZGZhMEk1VlhKUkxYZFhSa3hUUWxrd2VUa3pTVzR5V1ZOZlNFdGthRTk2ZFVsd2MzSnNiSFJFWnkxNFRVSjRUbDl6YTBzNFQzRjBNVGN0UjFWWU1UQTJWMGc1WnhJWE5rZEJaRnAxTTBGUVNWTkNNbkp2VURKMWJYTm5RVVVhSWtGUVdHaHROVmx2VUZCcExUZHVkVUpKVEhsbWFtZ3dhVmRvWjFKRU1VUmlSbWMiLCJmY3YiOiIzIiwiZmNfaWQiOiJmY18xIiwiYXBwbHlfbGluayI6eyJ0aXRsZSI6Ii5uRmcyZWJ7Zm9udC13ZWlnaHQ6NTAwfS5CaTZEZGN7Zm9udC13ZWlnaHQ6NTAwfUFwcGx5IG9uIFNhbGFyeS5jb20iLCJsaW5rIjoiaHR0cHM6Ly93d3cuc2FsYXJ5LmNvbS9qb2IvdW5pdGVkLXN0YXRlcy1haXItZm9yY2UvcGlsb3QvajIwMjQwMTI4MDkyNjU3NjUzNTk5OT91dG1fY2FtcGFpZ249Z29vZ2xlX2pvYnNfYXBwbHlcdTAwMjZ1dG1fc291cmNlPWdvb2dsZV9qb2JzX2FwcGx5XHUwMDI2dXRtX21lZGl1bT1vcmdhbmljIn19
Aviation Support,U.S. Navy,"  Kalamazoo, MI   ",via Jooble,"ABOUT  Act as our eyes and ears in the sky, mapping coasts and ports for Navy intelligence. Gain extensive training in radar, sonar and air traffic communications. If you feel more at home above the sea than on it, a career in aviation might be for you. Below are some examples of the vast opportunities in this field...  AVIATION JOBS IN THE NAVY  AIR TRAFFIC CONTROLLER  Commercial airlines aren’t the only ones who need traffic management. In the Navy, our fighter jets, helicopters and reconnaissance aircraft need vigilant Air Traffic Controllers to keep flight decks and airstrips in check.  AIRCREWMAN MECHANICAL  As in-flight personnel, AWFs maintain and troubleshoot aircraft while carefully handling million-dollar equipment on board. Perform everything from medical evacuations to small arms transports to delivering necessities to your fellow Sailors out at sea.  AIRCREWMAN OPERATOR  Playing mind games with your opponent to predict their every move may sound like the plot of a movie, but in reality AWOs are the ultimate defense against the threats from the deep, locating, tracking and engaging hostile submarines.  AVIATION ELECTRONICS TECHNICIAN  Once an aircraft launches off a carrier, pilots depend on their jet’s complex electronic systems to operate all areas of their craft and complete their mission. There is zero room for failure.  PAY AND BENEFITS  From the day you start, you’ll receive: • Competitive salary • Potential to earn a bonus upon enlistment • Free health insurance • Free housing • A retirement plan • Paid training  EDUCATION OPPORTUNITIES • Undergraduate degree opportunities • Navy College Program and Tuition Assistance • Post-9/11 GI Bill, up to 100% tuition • Professional credentials and certifications • College credit hours toward a bachelor’s or associate degree through the American Council on Education  QUALIFICATIONS AND REQUIREMENTS • U.S. citizen or equivalent • High school graduate or equivalent • 17 years of age or older  WORK ENVIRONMENT  Make the world your home. You may be assigned to sea or shore squadrons on almost any continent. You will have the opportunity to work in a variety of environments—from airborne aircraft to hangars, hangar decks to flight decks and flight lines at air stations and on aircraft carriers.  PART-TIME OPPORTUNITIES  There are part-time opportunities in Air Support for the Navy. Serving part-time as a Navy Reserve Sailor, your duties will be carried out during your scheduled drilling and training periods. During monthly drilling, Sailors in the Navy Reserve typically work at a location close to their homes","[{""title"": ""Qualifications"", ""items"": [""College credit hours toward a bachelor\u2019s or associate degree through the American Council on Education"", ""U.S. citizen or equivalent"", ""High school graduate or equivalent"", ""17 years of age or older""]}, {""title"": ""Responsibilities"", ""items"": [""Gain extensive training in radar, sonar and air traffic communications"", ""As in-flight personnel, AWFs maintain and troubleshoot aircraft while carefully handling million-dollar equipment on board"", ""Perform everything from medical evacuations to small arms transports to delivering necessities to your fellow Sailors out at sea""]}, {""title"": ""Benefits"", ""items"": [""Competitive salary"", ""Potential to earn a bonus upon enlistment"", ""Free health insurance"", ""Free housing"", ""A retirement plan"", ""Paid training"", ""EDUCATION OPPORTUNITIES"", ""Undergraduate degree opportunities"", ""Navy College Program and Tuition Assistance"", ""Post-9/11 GI Bill, up to 100% tuition"", ""You will have the opportunity to work in a variety of environments\u2014from airborne aircraft to hangars, hangar decks to flight decks and flight lines at air stations and on aircraft carriers"", ""There are part-time opportunities in Air Support for the Navy""]}]",[],https://encrypted-tbn0.gstatic.com/images?q=tbn:ANd9GcTvyxrMV09HGzV7GLYSVJItiD2Fgcl4cYYxmOgU&s=0,"9 days ago, Full-time and Part-time, Health insurance",eyJqb2JfdGl0bGUiOiJBdmlhdGlvbiBTdXBwb3J0IiwiaHRpZG9jaWQiOiIyaHB1aFVKbE04QWdTZ01HQUFBQUFBPT0iLCJ1dWxlIjoidytDQUlRSUNJZ1MyRnNZVzFoZW05dkxFMXBZMmhwWjJGdUxGVnVhWFJsWkNCVGRHRjBaWE0iLCJnbCI6InVzIiwiaGwiOiJlbiIsImZjIjoiRW93Q0Nzd0JRVTUxVjJoamJWOVBURXBFTVZaRFowbGtjMDVvWTBWQ1prSnVlVXhCWkZFMVpuZHBUMlZ0YURoc1IwNHlObGxQUkV0VFFUTk9kWGRwTVc4NFJVWnlOSFpuYUV0bFVrNUpUMlJMYzFZd2FGTnVXRGRzU0UxWGVFUktkMEZSZFc4MFExUlFiMUZaVkVsdU56WkRNMHg1VVZSWlkxZHlibFZLVW5NeFZYcDBWbGx4WTBoeldXbGZWR3RDUWxSNlJXWnBVbFU1YVVONmR6YzBabmxVVmkwNWFuRlFVSEIyYlRGSVMzQktjVmRxT0Vjd2VVNW5TMU0xVGtrelNVOUNVM1J5VVc5aGVFWnhabGxWYVVOTUVoYzJSMEZrV25VelFWQkpVMEl5Y205UU1uVnRjMmRCUlJvaVFWQllhRzAxV2xoVVdURTJaVGxtVGxCemEwOUNPWEpuV0doRGVVcHFibVZYUVEiLCJmY3YiOiIzIiwiZmNfaWQiOiJmY18zIiwiYXBwbHlfbGluayI6eyJ0aXRsZSI6IkFwcGx5IG9uIEpvb2JsZSIsImxpbmsiOiJodHRwczovL2pvb2JsZS5vcmcvamRwLzYyMTA5ODgyOTM5ODM1MzI1ODI/dXRtX2NhbXBhaWduPWdvb2dsZV9qb2JzX2FwcGx5XHUwMDI2dXRtX3NvdXJjZT1nb29nbGVfam9ic19hcHBseVx1MDAyNnV0bV9tZWRpdW09b3JnYW5pYyJ9fQ==
Aviation Officer,U.S. Navy,"  Kalamazoo, MI   ",via Jooble,"ABOUT  The U.S. Navy operates more than 3,700 aircraft, making it the second largest air force in the world — second only to the U.S. Air Force. Below are the careers in aviation that work together to get our birds in the sky...  AVIATION JOBS IN THE NAVY  FIGHTER PILOT - Complete complex air maneuvers while flying at Mach speeds. Catapult off carriers at 170 mph and land on moving runways only 300 feet long. Gather intel, drop ordnance and conduct defensive missions—all in the F/A-18 Hornet and the cutting-edge F-35C Lightning II.  AIRCRAFT HANDLING OFFICER - Every performance needs a choreographer and on the deck of an aircraft carrier, that person is you. You’re in charge of directing the movement of the entire flight deck from the jet launch sequence to aircraft recovery.  FIXED WING PILOT - In the C-2 Greyhound, you transport parts, personnel, and mail to the 5,000 people aboard. In the cockpit of the E-2C Hawkeye, you’re on patrol as the command control center in the sky. If you’re flying the P-3 Orion or the brand-new P-8 Poseidon, you hunt submarines using cutting- edge software, radar, sonar, and acoustics.  HELICOPTER PILOT - As a helicopter pilot, the sky is your domain. Hover over the sea for search and rescue, extract Sailors and Special Forces from a hot landing zone or track and neutralize enemy submarines in defense of your ship.  NAVAL FLIGHT OFFICER - In this role, you’re the navigator, the lookout and the weapon operator inside naval aviation. Whether you’re hunting submarines from a P-8 Poseidon, navigating an E-2 Hawkeye through enemy territory or dropping bombs from the backseat of an F-18 fighter jet.  AVIATION MAINTENANCE DUTY OFFICER - You’re in charge of managing the repair and upkeep of our most lethal aviation assets—over eighty different types of aircraft. In addition to that, you manage hundreds of personnel, making this a job that requires a level of organization and focus that few can say they’ve mastered.  PAY AND BENEFITS  From the day you start, you’ll receive: • Competitive salary • Free health insurance • Free housing • A retirement plan • 30 days paid vacation per year  EDUCATION OPPORTUNITIES  Beyond professional credentials and certifications, the Navy can help ease your financial burdens and advance your career with generous financial assistance and continuing education programs, including: • Post-9/11 GI Bill • Navy Tuition Assistance Program • Naval Postgraduate School (NPS) • Navy College Program • VOLED Assistance Center • VOLED Region Advisors • Navy War College (NWC) • USAF Air University Air Command and Staff College  QUALIFICATIONS AND REQUIREMENTS • Bachelor’s degree • Students may apply in last 12 months of pursuing degree • U.S. citizen or equivalent • 17 years of age or older  General qualifications may vary depending upon whether you’re currently serving, whether you’ve served before or whether you’ve never served before.  WORK ENVIRONMENT  In the field of aviation, you’ll make the world your home. You may be assigned to sea or shore squadrons on almost any continent. You will have the opportunity to work in a variety of environments—airborne aircraft, hangars, flight decks, flight lines at air stations and on aircraft carriers.  PART-TIME OPPORTUNITIES  Some of the above aviation jobs in the Navy Reserve are open only to prior or current military aviators","[{""title"": ""Qualifications"", ""items"": [""Bachelor\u2019s degree"", ""Students may apply in last 12 months of pursuing degree"", ""U.S. citizen or equivalent"", ""17 years of age or older"", ""General qualifications may vary depending upon whether you\u2019re currently serving, whether you\u2019ve served before or whether you\u2019ve never served before""]}, {""title"": ""Responsibilities"", ""items"": [""Gather intel, drop ordnance and conduct defensive missions\u2014all in the F/A-18 Hornet and the cutting-edge F-35C Lightning II"", ""AIRCRAFT HANDLING OFFICER - Every performance needs a choreographer and on the deck of an aircraft carrier, that person is you"", ""You\u2019re in charge of directing the movement of the entire flight deck from the jet launch sequence to aircraft recovery"", ""NAVAL FLIGHT OFFICER - In this role, you\u2019re the navigator, the lookout and the weapon operator inside naval aviation"", ""AVIATION MAINTENANCE DUTY OFFICER - You\u2019re in charge of managing the repair and upkeep of our most lethal aviation assets\u2014over eighty different types of aircraft""]}, {""title"": ""Benefits"", ""items"": [""Competitive salary"", ""Free health insurance"", ""Free housing"", ""A retirement plan"", ""30 days paid vacation per year"", ""Beyond professional credentials and certifications, the Navy can help ease your financial burdens and advance your career with generous financial assistance and continuing education programs, including:"", ""Post-9/11 GI Bill"", ""Navy Tuition Assistance Program"", ""Naval Postgraduate School (NPS)"", ""Navy College Program"", ""VOLED Assistance Center""]}]",[],https://encrypted-tbn0.gstatic.com/images?q=tbn:ANd9GcTvyxrMV09HGzV7GLYSVJItiD2Fgcl4cYYxmOgU&s=0,"6 days ago, Part-time, Health insurance, Paid time off",eyJqb2JfdGl0bGUiOiJBdmlhdGlvbiBPZmZpY2VyIiwiaHRpZG9jaWQiOiJDOE9rRUZmWjlUV1lBaEpjQUFBQUFBPT0iLCJ1dWxlIjoidytDQUlRSUNJZ1MyRnNZVzFoZW05dkxFMXBZMmhwWjJGdUxGVnVhWFJsWkNCVGRHRjBaWE0iLCJnbCI6InVzIiwiaGwiOiJlbiIsImZjIjoiRW93Q0Nzd0JRVTUxVjJoamEzUllhWEIyWDIxM2VqVXlWR2RJZURFeGNFcExjV1UzVWtkdVptMW9lR1ZpUVhoMVpXUldhRlpEVkhwTU9EbG1ZbnBUVEhCWU5WRkNhbVJhTjB0TVpFNUlXWFZXWVVSaVZFNU5SbkZ5ZFVvMU1pMHlOVTExWmtoRFptZHdaWGhLV25oWmJUVm9WVmxzWW1oUk0zZGpkV3hrZDNWUldGWlBkekpmVEZGU1NrMDFhSE5DYlRSV09FWkNaVFpuUmxOb01rTldXa2M0Y0VnMVdTMUNkbk5QVjJaclEyeHhiSEJ1TTBjeWRHVkVORk0wVFVSS1ZUVlRjRUZpU1RKSVJXaHlkVFpuWjIweUVoYzJSMEZrV25VelFWQkpVMEl5Y205UU1uVnRjMmRCUlJvaVFWQllhRzAxV1hwWFh6Wm5hM0V0YzJwaVEyTTFTRTgxZWt4aGNWRjBNV2hCUVEiLCJmY3YiOiIzIiwiZmNfaWQiOiJmY181IiwiYXBwbHlfbGluayI6eyJ0aXRsZSI6IkFwcGx5IG9uIEpvb2JsZSIsImxpbmsiOiJodHRwczovL2pvb2JsZS5vcmcvamRwLy03ODY0ODAxNTEzNDkyNjA5NDQ3P3V0bV9jYW1wYWlnbj1nb29nbGVfam9ic19hcHBseVx1MDAyNnV0bV9zb3VyY2U9Z29vZ2xlX2pvYnNfYXBwbHlcdTAwMjZ1dG1fbWVkaXVtPW9yZ2FuaWMifX0=
Naval Aviator,Navy,"  Kalamazoo, MI   ",via Recruit.net,"ABOUTSearch for underwater threats. Deliver payloads of incredible firepower or necessary manpower. Execute strategic aerial maneuvers anywhere from the stratosphere, to mere feet above the sea. This is just a glimpse into your career as a Naval Aviator. You also may find yourself: • Flying some of the most innovative and high-tech aircraft in the world • Providing vital attack, defense and... logistic support to the Fleet • Controlling and maintaining all internal and external aircraft systems  RESPONSIBILITIESNavy Pilots and Naval Flight Officers (NFOs) are important components in an exclusive, world-class group of Officers. This job will require you to perform at the best of your ability at all times. Making use of your advanced training and unparalleled knowledge to provide the utmost safety and security in the world’s skies.As a Pilot, you may: • Take part in antisubmarine warfare and mine countermeasures, as well as search and rescue operations and vertical replenishment missions • Receive specialized training on the advanced tactical systems found on Navy aircraft • Project aviation power in fighter and attack, reconnaissance, and sea control missions. launching from aircraft carriers or surface combatants. • Conduct enemy surveillance by collecting photographic intelligence  As an NFO, you may: • Study aerodynamics, aircraft engine systems, meteorology, navigation, flight planning and flight safety • Train and specialize in EA-18G Growler electronic countermeasures aircraft, E-2C Hawkeye early warning and control aircraft, or the new P-8A Poseidon antisubmarine aircraft • Electronically detect and track ships, submarines, aircraft and missiles  WORK ENVIRONMENTAs a Navy Pilot or an NFO, missions and assignments can be anywhere around the globe. This includes working from carrier battle groups, or other sea-based platforms, and at Naval Air Stations or other locations on shore.TRAINING & ADVANCEMENTThose entering aviation programs must first attend Officer Candidate School (OCS) in Newport, RI, and then complete a six-week air indoctrination course at Naval Aviation Schools Command, in Pensacola, FL. From there, prospective Pilots and NFOs attend primary flight training.Pilots and NFOs then request an aircraft pipeline and enter the intermediate phase of flight training, which builds upon basic flight and navigation training. The final phase is advanced naval flight training, focusing on mission specifics. After completion, Pilots and NFOs are awarded their “wings of gold” and report to their respective Fleet Replacement Squadrons (FRSs) for further training specific to their aircraft.Promotion opportunities are regularly available but competitive and based on performance. It’s also important to note that specialized training received and work experience gained in the course of service can lead to valuable credentialing and occupational opportunities in related fields.EDUCATION OPPORTUNITIESFollowing your initial flying tour as a Navy Pilot or an NFO, you can attend the Naval Postgraduate School (NPS) in Monterey, CA, where you may be able to earn a master’s or doctoral degree while being paid full-time.QUALIFICATIONS & REQUIREMENTSA four-year degree is required to work as a Navy Pilot or Naval Flight Officer. Candidates seeking an Officer position in this community must have a bachelor’s degree from a regionally accredited institution in a technical field.All candidates must also be U.S. citizens, willing to serve worldwide and qualified for sea duty.General qualifications may vary depending upon whether you’re currently serving, whether you’ve served before or whether you’ve never served before","[{""title"": ""Qualifications"", ""items"": [""Flying some of the most innovative and high-tech aircraft in the world"", ""Project aviation power in fighter and attack, reconnaissance, and sea control missions"", ""TRAINING & ADVANCEMENTThose entering aviation programs must first attend Officer Candidate School (OCS) in Newport, RI, and then complete a six-week air indoctrination course at Naval Aviation Schools Command, in Pensacola, FL"", ""EDUCATION OPPORTUNITIESFollowing your initial flying tour as a Navy Pilot or an NFO, you can attend the Naval Postgraduate School (NPS) in Monterey, CA, where you may be able to earn a master\u2019s or doctoral degree while being paid full-time.QUALIFICATIONS & REQUIREMENTSA four-year degree is required to work as a Navy Pilot or Naval Flight Officer"", ""Candidates seeking an Officer position in this community must have a bachelor\u2019s degree from a regionally accredited institution in a technical field"", ""All candidates must also be U.S. citizens, willing to serve worldwide and qualified for sea duty""]}, {""title"": ""Responsibilities"", ""items"": [""Deliver payloads of incredible firepower or necessary manpower"", ""Execute strategic aerial maneuvers anywhere from the stratosphere, to mere feet above the sea"", ""Providing vital attack, defense and logistic support to the Fleet"", ""Controlling and maintaining all internal and external aircraft systems"", ""Take part in antisubmarine warfare and mine countermeasures, as well as search and rescue operations and vertical replenishment missions"", ""Receive specialized training on the advanced tactical systems found on Navy aircraft"", ""launching from aircraft carriers or surface combatants"", ""Conduct enemy surveillance by collecting photographic intelligence"", ""Train and specialize in EA-18G Growler electronic countermeasures aircraft, E-2C Hawkeye early warning and control aircraft, or the new P-8A Poseidon antisubmarine aircraft"", ""Electronically detect and track ships, submarines, aircraft and missiles"", ""Pilots and NFOs then request an aircraft pipeline and enter the intermediate phase of flight training, which builds upon basic flight and navigation training""]}, {""title"": ""Benefits"", ""items"": [""Promotion opportunities are regularly available but competitive and based on performance"", ""It\u2019s also important to note that specialized training received and work experience gained in the course of service can lead to valuable credentialing and occupational opportunities in related fields""]}]",[],https://encrypted-tbn0.gstatic.com/images?q=tbn:ANd9GcRFeFKUJyY2X57nkvgbsQqXX-ygfJSsMm542VoW4e4&s,"4 days ago, Full-time",eyJqb2JfdGl0bGUiOiJOYXZhbCBBdmlhdG9yIiwiaHRpZG9jaWQiOiJqc2o1MTltX2dvcnlnYk1XQUFBQUFBPT0iLCJ1dWxlIjoidytDQUlRSUNJZ1MyRnNZVzFoZW05dkxFMXBZMmhwWjJGdUxGVnVhWFJsWkNCVGRHRjBaWE0iLCJnbCI6InVzIiwiaGwiOiJlbiIsImZjIjoiRXZjQkNyY0JRVTUxVjJoamEyTnVUR1ZxU0hWaFVqUktWbXR1VGtwSk16Rmlka0ZCVG5kTVRVZFRiVzVHYVdoVFowWmxSMmgyYlhWaVFpMXVSRE5KYlZsbk5sTnZNbEJtYkZWa1IzazBTbnBDZDJsQk5EaGtYMUphUzFaeU1XZEhlV1p5TFdoNWFYVjRUVTVmTjA5c1dqUktTa1pYYjNONWNUVTVPRUUwYjA1T1NXYzFRa1pzV1ZZeVpsODFOR1JoYTA5MFkxRjNWMEZqU21oSWVUaFNlRGR1UjNKVlZUSm1WR1J0YzNCVlVHZE9VM0puY0VSUWF6aEZZMlJCRWhjMlIwRmtXblV6UVZCSlUwSXljbTlRTW5WdGMyZEJSUm9pUVZCWWFHMDFXVmRoT0hwWGRVUlVWRXQ1TmxKVE1WTXRTalZNWDBaTVZXdEJVUSIsImZjdiI6IjMiLCJmY19pZCI6ImZjXzciLCJhcHBseV9saW5rIjp7InRpdGxlIjoiQXBwbHkgb24gUmVjcnVpdC5uZXQiLCJsaW5rIjoiaHR0cHM6Ly93d3cucmVjcnVpdC5uZXQvam9iL25hdmFsLWF2aWF0b3Itam9icy9GNTgyNkZFM0M5RTM4MjU1P3V0bV9jYW1wYWlnbj1nb29nbGVfam9ic19hcHBseVx1MDAyNnV0bV9zb3VyY2U9Z29vZ2xlX2pvYnNfYXBwbHlcdTAwMjZ1dG1fbWVkaXVtPW9yZ2FuaWMifX0=
Aviation Maintenance Inspector,Western Michigan University,"  Kalamazoo, MI   ",via Glassdoor,"Position Details  Posting Summary...  College College Of Aviation  Executive Area Provost & VP Academic Affairs  Department College of Aviation - Aircraft Maintenance  Posting Detail Information  Posting Number S412P  Job Type Full Time, Regular  Pay Type Nonexempt/Hourly  Pay Grade F  Campus Location WMU-Battle Creek - College of Aviation  Salary Range Pay is commensurate with qualifications and experience, combined with an excellent benefits package.  General Summary • Inspects, maintains and repairs fleet aircraft for the College of Aviation.  Major Duties • Inspects aircraft and identifies any maintenance or repair needs and determines if aircraft is airworthy. • Troubleshoots and diagnoses reported problems with all aircraft systems. • Completes routine scheduled inspections on assigned maintenance or repair tasks. • Approves aircraft for return to service after repairs or maintenance is completed. • Documents all completed repairs or maintenance in hard copy and electronic files in compliance with Federal Aviation Administration regulations and College of Aviation standards. • Provides instruction to full-time and part-time staff completing maintenance or repair tasks. • Operates aircraft to transport to or from maintenance facilities, to perform diagnostic tests or to verify maintenance is complete.  Minimum Qualifications • Bachelor’s degree in a related field from an accredited institution, or equivalent combination of education and experience. • Three years’ relevant experience. • Strong interpersonal, written and verbal communication skills. • Knowledge of relevant Federal Aviation Administration regulations. • Federal Aviation Administration air-frame and power-plant license. • Inspection Authorization license.  Desired Qualifications • FAA private pilot license with certification in relevant aircraft. • Cirrus, Piper and Cessna aircraft experience. • Lycoming and Continental Motors experience.  Special Instructions to Applicants • Internal applicants should use the WMU – Internal Application. • External applicants should use the WMU – Application.  Additional Position Information • Application credentials will be accepted until the position is filled. • Western Michigan University offers generous benefits to its employees including health, dental, vision, life and disability insurance, retirement, and tuition discount for the employee and tuition remission for eligible dependents. To access information about the specific benefits available for this position, s://www.wmich.edu/hr/enrollment-staff • Staff Compensation System pay grades and rates are available at:https://wmich.edu/hr/staffcompensation  Physical requirements and working conditions • Moderate work occasionally working in difficult position or with physical demands such as continuously lifting or moving materials from 25 to 50 pounds and occasionally lifting or moving materials greater than 50 pounds. • Work is performed with exposure to any number of elements which may occasionally require some precautions such as safety glasses, protective clothing, ear protection, etc","[{""title"": ""Qualifications"", ""items"": [""Bachelor\u2019s degree in a related field from an accredited institution, or equivalent combination of education and experience"", ""Three years\u2019 relevant experience"", ""Strong interpersonal, written and verbal communication skills"", ""Knowledge of relevant Federal Aviation Administration regulations"", ""Federal Aviation Administration air-frame and power-plant license"", ""Inspection Authorization license"", ""Internal applicants should use the WMU \u2013 Internal Application""]}, {""title"": ""Responsibilities"", ""items"": [""Inspects, maintains and repairs fleet aircraft for the College of Aviation"", ""Inspects aircraft and identifies any maintenance or repair needs and determines if aircraft is airworthy"", ""Troubleshoots and diagnoses reported problems with all aircraft systems"", ""Completes routine scheduled inspections on assigned maintenance or repair tasks"", ""Approves aircraft for return to service after repairs or maintenance is completed"", ""Documents all completed repairs or maintenance in hard copy and electronic files in compliance with Federal Aviation Administration regulations and College of Aviation standards"", ""Provides instruction to full-time and part-time staff completing maintenance or repair tasks"", ""Operates aircraft to transport to or from maintenance facilities, to perform diagnostic tests or to verify maintenance is complete"", ""Work is performed with exposure to any number of elements which may occasionally require some precautions such as safety glasses, protective clothing, ear protection, etc""]}, {""title"": ""Benefits"", ""items"": [""Pay is commensurate with qualifications and experience, combined with an excellent benefits package"", ""Western Michigan University offers generous benefits to its employees including health, dental, vision, life and disability insurance, retirement, and tuition discount for the employee and tuition remission for eligible dependents"", ""To access information about the specific benefits available for this position, s://www.wmich.edu/hr/enrollment-staff"", ""Staff Compensation System pay grades and rates are available at:https://wmich.edu/hr/staffcompensation""]}]",[],https://encrypted-tbn0.gstatic.com/images?q=tbn:ANd9GcSb43-Sm6f0RJ-2Cn-BiMsYHNvS8WpRlXOXLlYn61A&s,"15 days ago, Full-time and Part-time, Health insurance, Dental insurance",eyJqb2JfdGl0bGUiOiJBdmlhdGlvbiBNYWludGVuYW5jZSBJbnNwZWN0b3IiLCJodGlkb2NpZCI6Im51S3F4endXMTBmeFVJUk5BQUFBQUE9PSIsInV1bGUiOiJ3K0NBSVFJQ0lnUzJGc1lXMWhlbTl2TEUxcFkyaHBaMkZ1TEZWdWFYUmxaQ0JUZEdGMFpYTSIsImdsIjoidXMiLCJobCI6ImVuIiwiZmMiOiJFc3dDQ293Q1FVNTFWMmhqYTFKaWIxZFJkMUZRZG1ONVJtd3hTRkl3UjNoV05WSkJObGN3V0VsT1ZHNVhaRVZ4TXpWeGFESkNRMHBYUVhKUVpHRlJiMGRZZWpCUmRrMVpaRzR3T1RoWVNFTTNhSFZ4WmtSQlJYTk1aek5RUmpsbWRVUTJSbGx2TlRoRWRXOXpSR290Y0RGbmNscE1hVzlQTjJKTGRGbHBSWGxTWkhwR2VqVjViV05NUWtRM1VtNWtRMjFXTjAwNVZFcDBka2RWWVRGbFpWOVFVakJTYVhoU09IZEVjR2QzVVVGMlptUlJORFo0UlZsNFJYTmhjbGhCUm5Ga2IyOWhWMHhVWmxCR1JITnpSWFZ3UjNvMmRqQkJTbnBCZFZoalVFTkVWVmRvV0c1cmVEaFZPSFZ5YVVrdGVIaHhWMHgwUzNwUGRqWmlaSGt0VmxaVGRVMHRWemhyTkVOMlgzQmtSbGxRZVJJWE5rZEJaRnAxTTBGUVNWTkNNbkp2VURKMWJYTm5RVVVhSWtGUVdHaHROV0puVERSb1UyNDVSakJRWTNwTVdYUkNXbTR3ZG1aRFNuSk1UVkUiLCJmY3YiOiIzIiwiZmNfaWQiOiJmY184IiwiYXBwbHlfbGluayI6eyJ0aXRsZSI6IkFwcGx5IG9uIEdsYXNzZG9vciIsImxpbmsiOiJodHRwczovL3d3dy5nbGFzc2Rvb3IuY29tL2pvYi1saXN0aW5nL2F2aWF0aW9uLW1haW50ZW5hbmNlLWluc3BlY3Rvci13ZXN0ZXJuLW1pY2hpZ2FuLXVuaXZlcnNpdHktSlZfSUMxMTM0OTAwX0tPMCwzMF9LRTMxLDU4Lmh0bT9qbD0xMDA4NzkwODY4MTgzXHUwMDI2dXRtX2NhbXBhaWduPWdvb2dsZV9qb2JzX2FwcGx5XHUwMDI2dXRtX3NvdXJjZT1nb29nbGVfam9ic19hcHBseVx1MDAyNnV0bV9tZWRpdW09b3JnYW5pYyJ9fQ==
Cashier,Pilot Company,"  Battle Creek, MI   ",via Salary.com,"Company DescriptionPay Rates Starting between: $11.60 - $15.73 / hour Are you passionate about team building, customer service, and meeting new people? Pilot Company offers a dynamic environment where no two days are the same. Team members have the opportunity to build an inclusive atmosphere with their co-workers and make a better day for every type of guest – whether it’s the professional driver stopping for a clean shower, the commuter grabbing their morning coffee, or the vacationer needing their go-to snack along their journey. We embrace and celebrate our diverse guests and team members, who fuel creativity, innovation, and positivity. We strive to make every stop on your career journey — and our guests’ journey — a great one!Also, there are a number of opportunities to work in other roles within our travel centers and restaurants so while we may be hiring for a specific role, we always look to train and offer experience for other roles we have.We hope your next career stop is... with us! Join our team and start your journey with Pilot Flying J. BENEFITSWeekly Pay15 cent fuel discountFree daily meals$10 low-cost health plansPaid time offFamily leaveAll qualified applicants will receive consideration for employment without regard to race, color, religion, sex, sexual orientation, gender identity, national origin, disability, protected veteran status or any other characteristic protected under applicable federal, state, or local law. Job DescriptionProvide guests fast, friendly, and clean serviceMaintain inventoryOperate cash registersMaintain the overall appearance and cleanliness of the restaurantProvide excellent guest serviceQualificationsRequired QualificationsIncredible guest service skills and ability to maintain a guest focused cultureAbility to complete accurate sales transactionsAbility to use computers, telephones, and other equipment as neededAbility to work as part of a team Preferred QualificationsExperience in a similar positionAbility to work a flexible schedule of nights, days, weekends, and holidaysAdditional InformationWellness ProgramReward and Recognition ProgramProfessional development401(k) retirement savings planPaid parental leaveAdoption AssistanceFlexible ScheduleFull and Part Time positions available","[{""items"": [""Company DescriptionPay Rates Starting between: $11.60 - $15.73 / hour Are you passionate about team building, customer service, and meeting new people? Pilot Company offers a dynamic environment where no two days are the same. Team members have the opportunity to build an inclusive atmosphere with their co-workers and make a better day for every type of guest \u2013 whether it\u2019s the professional driver stopping for a clean shower, the commuter grabbing their morning coffee, or the vacationer needing their go-to snack along their journey. We embrace and celebrate our diverse guests and team members, who fuel creativity, innovation, and positivity. We strive to make every stop on your career journey \u2014 and our guests\u2019 journey \u2014 a great one!Also, there are a number of opportunities to work in other roles within our travel centers and restaurants so while we may be hiring for a specific role, we always look to train and offer experience for other roles we have.We hope your next career stop is... with us! Join our team and start your journey with Pilot Flying J. BENEFITSWeekly Pay15 cent fuel discountFree daily meals$10 low-cost health plansPaid time offFamily leaveAll qualified applicants will receive consideration for employment without regard to race, color, religion, sex, sexual orientation, gender identity, national origin, disability, protected veteran status or any other characteristic protected under applicable federal, state, or local law. Job DescriptionProvide guests fast, friendly, and clean serviceMaintain inventoryOperate cash registersMaintain the overall appearance and cleanliness of the restaurantProvide excellent guest serviceQualificationsRequired QualificationsIncredible guest service skills and ability to maintain a guest focused cultureAbility to complete accurate sales transactionsAbility to use computers, telephones, and other equipment as neededAbility to work as part of a team Preferred QualificationsExperience in a similar positionAbility to work a flexible schedule of nights, days, weekends, and holidaysAdditional InformationWellness ProgramReward and Recognition ProgramProfessional development401(k) retirement savings planPaid parental leaveAdoption AssistanceFlexible ScheduleFull and Part Time positions available""]}]",[],https://encrypted-tbn0.gstatic.com/images?q=tbn:ANd9GcSVfUSbpp2or5hlEN3-iboRXPIPeH6u6F4IxZoO&s=0,"1 month ago, Full-time and Part-time, No degree mentioned",eyJqb2JfdGl0bGUiOiJDYXNoaWVyIiwiaHRpZG9jaWQiOiI2YkNZN29aTFlPbVg1bU9ZQUFBQUFBPT0iLCJ1dWxlIjoidytDQUlRSUNJZ1MyRnNZVzFoZW05dkxFMXBZMmhwWjJGdUxGVnVhWFJsWkNCVGRHRjBaWE0iLCJnbCI6InVzIiwiaGwiOiJlbiIsImZjIjoiRW93Q0Nzd0JRVTUxVjJoamJucEhTSFV0V1RWWlJERmhiRUkyY2xabGNVSkthRlkzVGtvMVJXOWxVMm93YWxsT1NEbDBUMEpuU25wblgzWTRWSGx1WjB4QmFITTBaVEZyTVZSblEwMUpMVTVPUlZKcGFEWm5ZMmR4ZURORmVuQm5SMVIzUjJ4VU9FZFFVWGR1ZFRWeU1WVndlazFPVTBGM1RGSmlRbFJmV1VoWFJsUnJYMlZFUjAxMFIwUmpkbXhUWlVOZk5tNWxVVE5tWlhScFJHNWxkbGt6YlhJMmIxSlRWM2R3VVZGNGMwWXRkR2M1UzBzeVdqaEZhVXRPT0d4c1EzVkJObVptYm10Q1ZVdFBXRlo1UzJOeEVoYzJSMEZrV25VelFWQkpVMEl5Y205UU1uVnRjMmRCUlJvaVFWQllhRzAxWW5aVWFEVndlREZwTmsxbFNGcHFWVzUxYUhWcmJsVkhYM3BJUVEiLCJmY3YiOiIzIiwiZmNfaWQiOiJmY18xMCIsImFwcGx5X2xpbmsiOnsidGl0bGUiOiJBcHBseSBvbiBTYWxhcnkuY29tIiwibGluayI6Imh0dHBzOi8vd3d3LnNhbGFyeS5jb20vam9iL3BpbG90LWNvbXBhbnkvY2FzaGllci9qMjAyMjEyMjQwMzI3MjM0NDIxNzYwP3V0bV9jYW1wYWlnbj1nb29nbGVfam9ic19hcHBseVx1MDAyNnV0bV9zb3VyY2U9Z29vZ2xlX2pvYnNfYXBwbHlcdTAwMjZ1dG1fbWVkaXVtPW9yZ2FuaWMifX0=
Travel Center Assistant Manager>,Pilot Flying J,"  Battle Creek, MI   ",via CareerBuilder,"Pilot Flying J - 15901 ELEVEN MILE ROAD [Restaurant Supervisor] As an Assistant Manager at Pilot Flying J, you'll: Supervise employees and general operations of the restaurant; Display excellent customer service skills to respond to the needs of customers; Assist the managers with any tasks that need to be executed to keep the facilities well-maintained and running smoothly...Hiring Immediately >>","[{""items"": [""Pilot Flying J - 15901 ELEVEN MILE ROAD [Restaurant Supervisor] As an Assistant Manager at Pilot Flying J, you'll: Supervise employees and general operations of the restaurant; Display excellent customer service skills to respond to the needs of customers; Assist the managers with any tasks that need to be executed to keep the facilities well-maintained and running smoothly...Hiring Immediately >>""]}]",[],https://encrypted-tbn0.gstatic.com/images?q=tbn:ANd9GcRT-gqCH7ZJ_oPY8wAmkiOD65r49p7sERLjy2eg&s=0,"14 days ago, Full-time, No degree mentioned",eyJqb2JfdGl0bGUiOiJUcmF2ZWwgQ2VudGVyIEFzc2lzdGFudCBNYW5hZ2VyXHUwMDNlIiwiaHRpZG9jaWQiOiI0SldjaGQ1X0RyYzI0ckVWQUFBQUFBPT0iLCJ1dWxlIjoidytDQUlRSUNJZ1MyRnNZVzFoZW05dkxFMXBZMmhwWjJGdUxGVnVhWFJsWkNCVGRHRjBaWE0iLCJnbCI6InVzIiwiaGwiOiJlbiIsImZjIjoiRXJjQ0N2Y0JRVTUxVjJoamJVUnlSV3hvVmtKMk9ETk1hakJJUWtSSWRYcFljV0psWW5oWVNtMVlTR2RETmtSRlRVVmxTbU5hVkdGTU1UWklTbGs0ZWxGNFIzQmhYMlE1WmpneFlUWkpWbGhmTTNNeVVuWTNjM2hTYVdabFh6bDBWMXBpVjNGdlRFY3hXR2R3WkVsSGJXc3RhVWRRYldSb1pGTlBkV1JpU25WaGJUZDRaMUF3UldkcVVGWm9lRGxsVVUxS05HZHZVMVp6Wld4MlQxaENTM0ZQV2xaaWJFVmpOMWRSTUVONmRVMWhSRjh3YVZwR2J6ZE1kVEV5VjNWNU5ERnJTRVZQYmtZMVpESXpTRXRFV21sak1FTlFla3BLTVZwTk9GVnZYMGxTUjI0NU5VaGphbTEzVlZWQ1VFcGlkRUl5Tm14U05VWm5ORGhFUVJJWE5rZEJaRnAxTTBGUVNWTkNNbkp2VURKMWJYTm5RVVVhSWtGUVdHaHROVmxDT1MxUlNsazBTRk4yYVhsNFVWcFhhRUY1VWxaeFQxWkhSR2MiLCJmY3YiOiIzIiwiZmNfaWQiOiJmY18xMiIsImFwcGx5X2xpbmsiOnsidGl0bGUiOiJBcHBseSBvbiBDYXJlZXJCdWlsZGVyIiwibGluayI6Imh0dHBzOi8vd3d3LmNhcmVlcmJ1aWxkZXIuY29tL2pvYi9KM1AxMzc2R1BQU1BRMk1ZNEtMP3V0bV9jYW1wYWlnbj1nb29nbGVfam9ic19hcHBseVx1MDAyNnV0bV9zb3VyY2U9Z29vZ2xlX2pvYnNfYXBwbHlcdTAwMjZ1dG1fbWVkaXVtPW9yZ2FuaWMifX0=
Aviation Rescue Swimmer,Navy,"  Kalamazoo, MI   ",via CareerBuilder,"RESPONSIBILITIESAs an AIRR, you must be prepared to enter the most treacherous conditions to provide recovery and relief for rescue missions, humanitarian assistance and operational support Some of your duties might include: • Working as an aircrew on a SH-60 helo, where the primary duties are to coordinate with the pilots to ensure success of various fleet missions... • Saving pilots of downed aircraft, people aboard stranded or capsized vessels at sea, or hikers and mountain climbers in danger • Rescuing civilians during natural disasters and collaborating with other forces, such as the Coast Guard • Delivering aid and supplies to other countries in humanitarian operations • Providing support to Naval Special Warfare Operations • Conducting surveillance in anti-submarine warfare and drug interdiction operations • Operate radar, Forward Looking Infrared sensors, missile systems and door guns in anti-surface operations. • Transporting troops and cargo to and from ships WORK ENVIRONMENTAviation Rescue Swimmers may help just about anyone, in almost any environment They might have to save a family on the other side of the globe who is desperately trying to survive a destructive storm, the crew of a sinking ship off the Pacific coast, or a wounded mountain climber hanging from a nearly inaccessible cliff.AIRRs may be assigned to Helicopter Maritime Strike Squadron (HSM) sea or shore duty in any part of the world They are assigned to squadrons at Naval Air Stations and typically deploy aboard aircraft carriers, surface combatants and support ships.TRAINING & ADVANCEMENTAviation Rescue Swimmers must be prepared to operate in any challenging environment AIRR training is realistic and one of the most demanding, life-altering training programs in the Navy.AIRR candidates undergo almost two years of training in advanced swimming/lifesaving techniques, helicopter mission equipment and crew served weapons systems"" before reporting to their first squadron Throughout training, candidates will be continually tested, mentally and physically, as they advance to more rigorous and challenging scenarios Training includes: • Water and land survival and flight safety (4 weeks at Aircrew Candidate School in Pensacola, Fla.) • Search and Rescue Swimming Skills (5 weeks at Rescue Swimmer School in Pensacola, Fla.) • Basic skills in Naval Aviation (14 weeks on average at Class “A” Technical School in Pensacola, Fla.) • Survival, Evasion, Resistance and Escape (SERE) techniques (2 weeks at SERE School in North Island, Calif., or Portsmouth NH) • Aircraft systems (28 weeks on average at a Naval Air Station) Air Rescuse UnitsAfter graduation, an AIRR may be assigned to a helicopter command at sea or on shore duty in various locations thoughout the U.S., including San Diego CA, Norfolk VA, Jacksonville FL, China Lake, Calif., Whidbey Island, Wash., Key West, Fl and many others.Advanced Education & TrainingBased on performance and the needs of the Navy, you could potentially be eligible to receive additional training in: • EMT training • Advanced Rescue Swimmer School (includes swift water, high seas, cave and cliff rescue training) Senior Enlisted AIRRs may also be selected to become: • Schoolhouse instructors • Weapons instructors • Master rappellers/instructors Promotion opportunities are regularly available but competitive and based on performance It’s also important to note that specialized training received and work experience gained in the course of service can lead to valuable credentialing and occupational opportunities in related fields.EDUCATION OPPORTUNITIESMembers of the Naval Special Warfare/Naval Special Operations (NSW/NSO) community have any number of unique opportunities to advance their knowledge Navy training provides skills and knowledge in everything from military tactics and small arms use to survival and a number of other tactical military procedures.Beyond offering access to professional credentials and certifications, Navy training in the NSW/NSO community can translate to credit hours toward a bachelor’s or associate degree through the American Council on Education You may also continue your education through opportunities like the following: • Fleet Replacement Aircrew/Mission Tactical Instructor • Navy College Program and Tuition Assistance • Post-9/11 GI Bill QUALIFICATIONS & REQUIREMENTSNo college degree is required to become an Enlisted Navy AIRR, but a high degree of difficulty and satisfaction come standard with nearly everything you’ll do Training is tough and ongoing.To qualify for Rescue Swimmer Training, both men and women must: • Meet specific eyesight requirements: uncorrected vision no worse than 20/100; correctable to 20/20 in both eyes with normal depth and color perception • Meet the minimum Armed Services Vocational Aptitude Battery (ASVAB) score: VE+AR+MK+MC=210 or VE+AR+MK+AS=210 • Pass a PST in DEP/Boot Camp • Pass Class 1 Flight Physical • Be 30 years of age or younger • Must be a U.S citizen and eligible for security clearance The chart below highlights the current minimum Navy Physical Screening Test (PST) requirements for Navy Challenge Programs.NOTE: You should consult your physician or other health-care professional before starting any exercise regime or other fitness program to determine if it is right for your needs This is particularly true if you (or your family) have a history of medical illnesses or ailments that could be made worse by a change in physical activity Do not start a fitness program if your physician or health-care provider advises against it.General qualifications may vary depending upon whether you’re currently serving, whether you’ve served before or whether you’ve never served before","[{""title"": ""Qualifications"", ""items"": [""AIRR training is realistic and one of the most demanding, life-altering training programs in the Navy"", ""Search and Rescue Swimming Skills (5 weeks at Rescue Swimmer School in Pensacola, Fla.)"", ""Basic skills in Naval Aviation (14 weeks on average at Class \u201cA\u201d Technical School in Pensacola, Fla.)"", ""EMT training"", ""QUALIFICATIONS & REQUIREMENTSNo college degree is required to become an Enlisted Navy AIRR, but a high degree of difficulty and satisfaction come standard with nearly everything you\u2019ll do"", ""Training is tough and ongoing.To qualify for Rescue Swimmer Training, both men and women must:"", ""Meet specific eyesight requirements: uncorrected vision no worse than 20/100; correctable to 20/20 in both eyes with normal depth and color perception"", ""Meet the minimum Armed Services Vocational Aptitude Battery (ASVAB) score: VE+AR+MK+MC=210 or VE+AR+MK+AS=210"", ""Pass a PST in DEP/Boot Camp"", ""Pass Class 1 Flight Physical"", ""Be 30 years of age or younger"", ""Must be a U.S"", ""citizen and eligible for security clearance"", ""The chart below highlights the current minimum Navy Physical Screening Test (PST) requirements for Navy Challenge Programs.NOTE: You should consult your physician or other health-care professional before starting any exercise regime or other fitness program to determine if it is right for your needs""]}, {""title"": ""Responsibilities"", ""items"": [""RESPONSIBILITIESAs an AIRR, you must be prepared to enter the most treacherous conditions to provide recovery and relief for rescue missions, humanitarian assistance and operational support"", ""Working as an aircrew on a SH-60 helo, where the primary duties are to coordinate with the pilots to ensure success of various fleet missions"", ""Saving pilots of downed aircraft, people aboard stranded or capsized vessels at sea, or hikers and mountain climbers in danger"", ""Rescuing civilians during natural disasters and collaborating with other forces, such as the Coast Guard"", ""Delivering aid and supplies to other countries in humanitarian operations"", ""Providing support to Naval Special Warfare Operations"", ""Conducting surveillance in anti-submarine warfare and drug interdiction operations"", ""Operate radar, Forward Looking Infrared sensors, missile systems and door guns in anti-surface operations"", ""Transporting troops and cargo to and from ships"", ""WORK ENVIRONMENTAviation Rescue Swimmers may help just about anyone, in almost any environment"", ""They are assigned to squadrons at Naval Air Stations and typically deploy aboard aircraft carriers, surface combatants and support ships""]}, {""title"": ""Benefits"", ""items"": [""Air Rescuse UnitsAfter graduation, an AIRR may be assigned to a helicopter command at sea or on shore duty in various locations thoughout the U.S., including San Diego CA, Norfolk VA, Jacksonville FL, China Lake, Calif., Whidbey Island, Wash., Key West, Fl"", ""Master rappellers/instructors"", ""Promotion opportunities are regularly available but competitive and based on performance"", ""It\u2019s also important to note that specialized training received and work experience gained in the course of service can lead to valuable credentialing and occupational opportunities in related fields"", ""Beyond offering access to professional credentials and certifications, Navy training in the NSW/NSO community can translate to credit hours toward a bachelor\u2019s or associate degree through the American Council on Education"", ""Fleet Replacement Aircrew/Mission Tactical Instructor"", ""Navy College Program and Tuition Assistance"", ""Post-9/11 GI Bill""]}]",[],https://encrypted-tbn0.gstatic.com/images?q=tbn:ANd9GcTvyxrMV09HGzV7GLYSVJItiD2Fgcl4cYYxmOgU&s=0,"7 days ago, Full-time",eyJqb2JfdGl0bGUiOiJBdmlhdGlvbiBSZXNjdWUgU3dpbW1lciIsImh0aWRvY2lkIjoiS3NsbFZyNUUxSmxWRDFSTUFBQUFBQT09IiwidXVsZSI6IncrQ0FJUUlDSWdTMkZzWVcxaGVtOXZMRTFwWTJocFoyRnVMRlZ1YVhSbFpDQlRkR0YwWlhNIiwiZ2wiOiJ1cyIsImhsIjoiZW4iLCJmYyI6IkVvd0NDc3dCUVU1MVYyaGpibkpQVUZGdGNEVXpMVGh4YXpsdlMzZGxZa1V3UnpORFVXTmtRa3hGY2tGMVRrNDJOVFZFTmtKeVQwTlhhVVJsV2tOelVHWXpXVkE1YjIxRWIxSk5jVjluU2xKb1RXbHlaR055V0doc1VrNHdiV1JYVDJRM09HdEhZVVZrTXpWZmQxWnhTR0ZMVG0xaWFqRkdURGN0U2pSS1NEaERZakZvTlU5Q2N6TnlXWHBrZWxwRVZuVnNja1kwV1hBMWVXbEZTMFpmWlVWM1pFMUpNVWQ1WmpKUlpXaDFRbmRmVDNWUWFtODFNbVZHTkdwR1VWTnpVWEJOTFhONmJtUmphSGRyUjJ0S04waERFaGMyUjBGa1duVXpRVkJKVTBJeWNtOVFNblZ0YzJkQlJSb2lRVkJZYUcwMVlsSnBiMm8wZG1FNGIwTk1WMVZwYVVKVWJVTkJSblZ6V214elp3IiwiZmN2IjoiMyIsImZjX2lkIjoiZmNfMTQiLCJhcHBseV9saW5rIjp7InRpdGxlIjoiQXBwbHkgb24gQ2FyZWVyQnVpbGRlciIsImxpbmsiOiJodHRwczovL3d3dy5jYXJlZXJidWlsZGVyLmNvbS9qb2IvSjNTNk5YNVlDVE05MVRGNlZSRD91dG1fY2FtcGFpZ249Z29vZ2xlX2pvYnNfYXBwbHlcdTAwMjZ1dG1fc291cmNlPWdvb2dsZV9qb2JzX2FwcGx5XHUwMDI2dXRtX21lZGl1bT1vcmdhbmljIn19
